gene_id	baseMean	log2FoldChange	lfcSE	stat	pvalue	padj
YDL133C-A	7295.41925944391	-1.02384420715481	0.20992149580649	-4.87727187357033	1.07563134490967e-06	4.06395737975479e-05
